"","esDiff","Z_evidence","Z_lack","r_index","var.z","corESn","medianN"
"esDiff",1,0.43503657440431,-0.446661079928894,-0.441483933238255,-0.0482343440077629,-0.491715711332803,0.160435111461796
"Z_evidence",0.43503657440431,1,-0.996357111037119,-0.885763888253994,-0.367746847118207,-0.369953064184068,0.0561518804019464
"Z_lack",-0.446661079928894,-0.996357111037119,1,0.893630303248184,0.388988221077774,0.37498566732542,-0.0253732441214406
"r_index",-0.441483933238255,-0.885763888253994,0.893630303248184,1,0.351911433666765,0.4208775246852,0.151612773527903
"var.z",-0.0482343440077629,-0.367746847118207,0.388988221077774,0.351911433666765,1,0.400514404221516,0.265274532184397
"corESn",-0.491715711332803,-0.369953064184068,0.37498566732542,0.4208775246852,0.400514404221516,1,-0.0551069885372718
"medianN",0.160435111461796,0.0561518804019464,-0.0253732441214406,0.151612773527903,0.265274532184397,-0.0551069885372718,1
